_id,avg_pm10
"{'city': '100 ail', 'day': '2016-01-29'}",2009.2
"{'city': '100 ail', 'day': '2016-01-30'}",931.3657505285412
"{'city': '100 ail', 'day': '2016-01-31'}",1409.1176470588234
"{'city': '100 ail', 'day': '2016-02-01'}",1137.1826697892272
"{'city': 'Amgalan', 'day': '2016-01-29'}",594.25
"{'city': 'Amgalan', 'day': '2016-01-30'}",579.875
"{'city': 'Amgalan', 'day': '2016-01-31'}",817.282722513089
"{'city': 'Amgalan', 'day': '2016-02-01'}",524.4322916666666
"{'city': 'Amgalan', 'day': '2016-02-02'}",796.296875
"{'city': 'Amgalan', 'day': '2016-02-03'}",365.7
"{'city': 'Amgalan', 'day': '2016-02-04'}",153.0909090909091
"{'city': 'Amgalan', 'day': '2016-02-05'}",155.7
"{'city': 'Amgalan', 'day': '2016-02-06'}",287.6666666666667
"{'city': 'Amgalan', 'day': '2016-02-07'}",268.3125
"{'city': 'Amgalan', 'day': '2016-02-08'}",151.34375
"{'city': 'Amgalan', 'day': '2016-02-09'}",88.27083333333333
"{'city': 'Baruun 4 zam', 'day': '2016-01-29'}",375.93333333333334
"{'city': 'Baruun 4 zam', 'day': '2016-01-30'}",485.734309623431
"{'city': 'Baruun 4 zam', 'day': '2016-01-31'}",588.6941176470589
"{'city': 'Baruun 4 zam', 'day': '2016-02-01'}",754.2227488151659
"{'city': 'Bukhiin urguu', 'day': '2016-01-29'}",422.3888888888889
"{'city': 'Bukhiin urguu', 'day': '2016-01-30'}",206.90592334494772
"{'city': 'Bukhiin urguu', 'day': '2016-01-31'}",331.2843137254902
"{'city': 'Bukhiin urguu', 'day': '2016-02-01'}",187.61847389558233
"{'city': 'Bukhiin urguu', 'day': '2016-02-02'}",104.625
"{'city': 'Chiguayante', 'day': '2016-01-30'}",33.96791666666667
"{'city': 'Chiguayante', 'day': '2016-01-31'}",58.254583333333336
"{'city': 'Chiguayante', 'day': '2016-02-01'}",41.97833333333333
"{'city': 'Chiguayante', 'day': '2016-02-02'}",44.74333333333333
"{'city': 'Chiguayante', 'day': '2016-02-03'}",37.17583333333334
"{'city': 'Chiguayante', 'day': '2016-02-04'}",39.53416666666667
"{'city': 'Chiguayante', 'day': '2016-02-05'}",52.73291666666666
"{'city': 'Chiguayante', 'day': '2016-02-06'}",36.34375
"{'city': 'Chiguayante', 'day': '2016-02-07'}",34.92125
"{'city': 'Chiguayante', 'day': '2016-11-04'}",8.329629629629629
"{'city': 'Chiguayante', 'day': '2016-11-05'}",6.592499999999999
"{'city': 'Chiguayante', 'day': '2016-11-06'}",5.957361111111111
"{'city': 'Chiguayante', 'day': '2016-11-07'}",9.54391304347826
"{'city': 'Chiguayante', 'day': '2016-11-08'}",9.695833333333333
"{'city': 'Chiguayante', 'day': '2016-11-09'}",6.625762711864407
"{'city': 'Chiguayante', 'day': '2016-11-10'}",7.283492063492064
"{'city': 'Chiguayante', 'day': '2016-11-11'}",7.775517241379311
"{'city': 'Chiguayante', 'day': '2016-11-12'}",8.799354838709679
"{'city': 'Chiguayante', 'day': '2016-11-13'}",3.752666666666667
"{'city': 'Chiguayante', 'day': '2016-11-14'}",4.424545454545455
"{'city': 'Chiguayante', 'day': '2016-11-15'}",4.843333333333334
"{'city': 'Chiguayante', 'day': '2016-11-16'}",2.315
"{'city': 'Chiguayante', 'day': '2016-11-17'}",4.2700000000000005
"{'city': 'Chiguayante', 'day': '2016-11-18'}",0.74
"{'city': 'Chiguayante', 'day': '2017-06-28'}",0.0
"{'city': 'Concón', 'day': '2016-01-30'}",233.1625393258427
"{'city': 'Concón', 'day': '2016-01-31'}",263.78275
"{'city': 'Concón', 'day': '2016-02-01'}",170.51363541666666
"{'city': 'Concón', 'day': '2016-02-02'}",78.32041666666667
"{'city': 'Concón', 'day': '2016-02-03'}",81.87801041666667
"{'city': 'Concón', 'day': '2016-02-04'}",84.58833333333332
"{'city': 'Concón', 'day': '2016-02-05'}",90.45139583333334
"{'city': 'Concón', 'day': '2016-02-06'}",104.03026041666668
"{'city': 'Concón', 'day': '2016-02-07'}",104.13895833333333
"{'city': 'Concón', 'day': '2016-02-08'}",20.04
"{'city': 'Concón', 'day': '2019-10-03'}",35.19882352941176
"{'city': 'Concón', 'day': '2019-10-04'}",23.928444444444445
"{'city': 'Concón', 'day': '2019-10-05'}",25.41270833333333
"{'city': 'Concón', 'day': '2019-10-06'}",27.461875000000003
"{'city': 'Concón', 'day': '2019-10-07'}",28.78217391304348
"{'city': 'Concón', 'day': '2019-10-08'}",35.593333333333334
"{'city': 'Concón', 'day': '2019-10-09'}",41.76311111111111
"{'city': 'Concón', 'day': '2019-10-11'}",24.044375000000002
"{'city': 'Concón', 'day': '2019-10-12'}",24.217659574468087
"{'city': 'Concón', 'day': '2019-10-13'}",20.12125
"{'city': 'Delhi Technological University, Delhi - CPCB', 'day': '2016-11-02'}",155.65
"{'city': 'Delhi Technological University, Delhi - CPCB', 'day': '2016-11-03'}",132.63838383838385
"{'city': 'Delhi Technological University, Delhi - CPCB', 'day': '2016-11-04'}",246.05499999999998
"{'city': 'Delhi Technological University, Delhi - CPCB', 'day': '2016-11-05'}",226.29864864864862
"{'city': 'Delhi Technological University, Delhi - CPCB', 'day': '2016-11-06'}",314.0272727272727
"{'city': 'Delhi Technological University, Delhi - CPCB', 'day': '2016-11-07'}",428.81739130434784
"{'city': 'Delhi Technological University, Delhi - CPCB', 'day': '2016-11-08'}",566.0842105263158
"{'city': 'Groningen', 'day': '2016-01-30'}",10.956577465277778
"{'city': 'Groningen', 'day': '2016-01-31'}",13.02343450231481
"{'city': 'Groningen', 'day': '2016-02-01'}",13.286503587685864
"{'city': 'Groningen', 'day': '2016-02-02'}",15.341781278935185
"{'city': 'Groningen', 'day': '2016-02-03'}",16.011655578703703
"{'city': 'Groningen', 'day': '2016-02-04'}",14.741247589028278
"{'city': 'Groningen', 'day': '2016-02-05'}",17.850218298122062
"{'city': 'Groningen', 'day': '2016-02-06'}",13.508729074074072
"{'city': 'Groningen', 'day': '2016-02-07'}",9.885786458333333
"{'city': 'Groningen', 'day': '2022-10-27'}",10.25
"{'city': 'Haringey', 'day': '2016-01-30'}",16.645833333333332
"{'city': 'Haringey', 'day': '2016-01-31'}",21.608695652173914
"{'city': 'Haringey', 'day': '2016-02-01'}",15.333333333333334
"{'city': 'Haringey', 'day': '2016-02-02'}",19.825
"{'city': 'Haringey', 'day': '2016-02-03'}",24.25
"{'city': 'Haringey', 'day': '2016-02-04'}",26.977272727272727
"{'city': 'Haringey', 'day': '2016-02-05'}",26.625
"{'city': 'Haringey', 'day': '2016-02-06'}",18.416666666666668
"{'city': 'Haringey', 'day': '2016-02-07'}",16.973684210526315
"{'city': 'Heerlen', 'day': '2016-01-30'}",22.31554579861111
"{'city': 'Heerlen', 'day': '2016-01-31'}",23.12928357291667
"{'city': 'Heerlen', 'day': '2016-02-01'}",26.642238609324917
"{'city': 'Heerlen', 'day': '2016-02-02'}",28.468792270531402
"{'city': 'Heerlen', 'day': '2016-02-03'}",27.58662037037037
"{'city': 'Heerlen', 'day': '2016-02-04'}",18.490833539902127
"{'city': 'Heerlen', 'day': '2016-02-05'}",18.001521998267172
"{'city': 'Heerlen', 'day': '2016-02-06'}",20.735270552208835
"{'city': 'Heerlen', 'day': '2016-02-07'}",22.721345876436782
"{'city': 'Heerlen', 'day': '2022-11-04'}",0.93
"{'city': 'Heerlen', 'day': '2022-11-07'}",0.49
"{'city': 'Heerlen', 'day': '2022-11-16'}",0.64
"{'city': 'Heerlen', 'day': '2022-11-25'}",0.9
"{'city': 'Heerlen', 'day': '2022-12-03'}",0.65
"{'city': 'Heerlen', 'day': '2022-12-04'}",1.79
"{'city': 'Heerlen', 'day': '2022-12-07'}",1.93
"{'city': 'Heerlen', 'day': '2022-12-09'}",0.59
"{'city': 'Heerlen', 'day': '2022-12-12'}",6.675000000000001
"{'city': 'Heerlen', 'day': '2022-12-13'}",3.23
"{'city': 'Heerlen', 'day': '2022-12-14'}",18.15
"{'city': 'Heerlen', 'day': '2022-12-17'}",21.285
"{'city': 'Heerlen', 'day': '2022-12-25'}",0.53
"{'city': 'Heerlen', 'day': '2022-12-26'}",0.23
"{'city': 'Heerlen', 'day': '2022-12-30'}",0.18
"{'city': 'Heerlen', 'day': '2023-01-02'}",0.195
"{'city': 'Konarskiego', 'day': '2016-01-30'}",156.6051094890511
"{'city': 'Konarskiego', 'day': '2016-01-31'}",140.231884057971
"{'city': 'Konarskiego', 'day': '2016-02-01'}",172.23985507246377
"{'city': 'Konarskiego', 'day': '2016-02-02'}",148.32189781021896
"{'city': 'Konarskiego', 'day': '2016-02-03'}",142.2007299270073
"{'city': 'Konarskiego', 'day': '2016-02-04'}",157.99202898550726
"{'city': 'Konarskiego', 'day': '2016-02-05'}",163.9488888888889
"{'city': 'Konarskiego', 'day': '2016-02-06'}",197.7909090909091
"{'city': 'Konarskiego', 'day': '2016-02-07'}",165.57102803738317
"{'city': 'Konarskiego', 'day': '2016-02-08'}",60.9
"{'city': 'MNB', 'day': '2016-01-29'}",432.6666666666667
"{'city': 'MNB', 'day': '2016-01-30'}",268.6951219512195
"{'city': 'MNB', 'day': '2016-02-01'}",1011.981884057971
"{'city': 'MNB', 'day': '2016-02-02'}",1130.8758865248226
"{'city': 'MNB', 'day': '2016-02-03'}",657.7708333333334
"{'city': 'MNB', 'day': '2016-02-04'}",634.703007518797
"{'city': 'Nisekh', 'day': '2016-02-16'}",625.5090909090909
"{'city': 'Nisekh', 'day': '2016-02-17'}",407.13013698630135
"{'city': 'Nisekh', 'day': '2016-02-18'}",348.64
"{'city': 'Nisekh', 'day': '2016-02-19'}",235.3244680851064
"{'city': 'Nisekh', 'day': '2016-02-20'}",267.787037037037
"{'city': 'Nisekh', 'day': '2016-02-21'}",6.895833333333333
"{'city': 'Nisekh', 'day': '2016-02-22'}",6.538461538461538
"{'city': 'Philippine', 'day': '2016-01-30'}",20.8996568894651
"{'city': 'Philippine', 'day': '2016-01-31'}",18.993194444444445
"{'city': 'Philippine', 'day': '2016-02-01'}",22.70194583516323
"{'city': 'Philippine', 'day': '2016-02-02'}",29.517793427230046
"{'city': 'Philippine', 'day': '2016-02-03'}",20.202659574468083
"{'city': 'Philippine', 'day': '2016-02-04'}",18.729335848604624
"{'city': 'Philippine', 'day': '2016-02-05'}",23.71550925925926
"{'city': 'Philippine', 'day': '2016-02-06'}",18.34175438596491
"{'city': 'Philippine', 'day': '2016-02-07'}",22.319791666666667
"{'city': 'Philippine', 'day': '2022-11-12'}",4.27
"{'city': 'Philippine', 'day': '2022-11-22'}",1.31
"{'city': 'Puente Alto', 'day': '2016-01-30'}",66.55187234042553
"{'city': 'Puente Alto', 'day': '2016-01-31'}",50.71290070921986
"{'city': 'Puente Alto', 'day': '2016-02-01'}",71.4442142857143
"{'city': 'Puente Alto', 'day': '2016-02-02'}",70.31019014084508
"{'city': 'Puente Alto', 'day': '2016-02-03'}",72.7088561151079
"{'city': 'Puente Alto', 'day': '2016-02-04'}",50.66694964028777
"{'city': 'Puente Alto', 'day': '2016-02-05'}",57.872887323943665
"{'city': 'Puente Alto', 'day': '2016-02-06'}",68.63539855072463
"{'city': 'Puente Alto', 'day': '2016-02-07'}",63.23708219178082
"{'city': 'Puente Alto', 'day': '2016-02-08'}",2.7084
"{'city': 'Punjabi Bagh, Delhi - DPCC', 'day': '2016-02-05'}",721.1481437125749
"{'city': 'Punjabi Bagh, Delhi - DPCC', 'day': '2016-02-06'}",340.96090686274505
"{'city': 'Punjabi Bagh, Delhi - DPCC', 'day': '2016-02-07'}",251.80786240786242
"{'city': 'Punjabi Bagh, Delhi - DPCC', 'day': '2016-02-08'}",299.2495412844037
"{'city': 'Punjabi Bagh, Delhi - DPCC', 'day': '2025-02-18'}",59.31042881355933
"{'city': 'Punjabi Bagh, Delhi - DPCC', 'day': '2025-02-19'}",54.86649023722628
"{'city': 'Punjabi Bagh, Delhi - DPCC', 'day': '2025-02-20'}",46.601609208103135
"{'city': 'Punjabi Bagh, Delhi - DPCC', 'day': '2025-02-21'}",14.958848780487806
"{'city': 'R K Puram, Delhi - DPCC', 'day': '2016-02-05'}",1664.09
"{'city': 'R K Puram, Delhi - DPCC', 'day': '2016-02-06'}",394.0179640718563
"{'city': 'R K Puram, Delhi - DPCC', 'day': '2016-02-07'}",387.4322891566265
"{'city': 'R K Puram, Delhi - DPCC', 'day': '2016-02-08'}",410.47301204819274
"{'city': 'R K Puram, Delhi - DPCC', 'day': '2016-02-09'}",351.18834951456313
"{'city': 'R K Puram, Delhi - DPCC', 'day': '2025-02-18'}",61.60598370786517
"{'city': 'R K Puram, Delhi - DPCC', 'day': '2025-02-19'}",52.02325009469697
"{'city': 'R K Puram, Delhi - DPCC', 'day': '2025-02-20'}",41.66000891181989
"{'city': 'R K Puram, Delhi - DPCC', 'day': '2025-02-21'}",99.629879
"{'city': 'Rotterdam', 'day': '2016-01-30'}",17.12008101851852
"{'city': 'Rotterdam', 'day': '2016-01-31'}",15.488368055555554
"{'city': 'Rotterdam', 'day': '2016-02-01'}",16.64162102390363
"{'city': 'Rotterdam', 'day': '2016-02-02'}",23.543750000000003
"{'city': 'Rotterdam', 'day': '2016-02-03'}",24.03752306798684
"{'city': 'Rotterdam', 'day': '2016-02-04'}",47.84166666666667
"{'city': 'Rotterdam', 'day': '2016-02-05'}",31.043945580884742
"{'city': 'Rotterdam', 'day': '2016-02-06'}",17.806597222222223
"{'city': 'Rotterdam', 'day': '2016-02-07'}",12.10729166666667
"{'city': 'Rotterdam', 'day': '2022-10-24'}",2.2
"{'city': 'Rotterdam', 'day': '2022-10-25'}",11.1
"{'city': 'Rotterdam', 'day': '2022-10-26'}",12.357142857142858
"{'city': 'Rotterdam', 'day': '2022-10-27'}",10.05
"{'city': 'Rotterdam', 'day': '2022-10-28'}",4.15
"{'city': 'Rotterdam', 'day': '2022-10-29'}",8.666666666666666
"{'city': 'Rotterdam', 'day': '2022-10-30'}",15.5
"{'city': 'Rotterdam', 'day': '2022-10-31'}",8.7
"{'city': 'Rotterdam', 'day': '2022-11-01'}",2.4000000000000004
"{'city': 'Rotterdam', 'day': '2022-11-02'}",4.55
"{'city': 'Rotterdam', 'day': '2022-11-03'}",5.216666666666666
"{'city': 'Rotterdam', 'day': '2022-11-04'}",31.125
"{'city': 'Rotterdam', 'day': '2022-11-06'}",2.1666666666666665
"{'city': 'Rotterdam', 'day': '2022-11-07'}",3.1333333333333333
"{'city': 'Rotterdam', 'day': '2022-11-08'}",10.2
"{'city': 'Rotterdam', 'day': '2022-11-09'}",4.333333333333333
"{'city': 'Rotterdam', 'day': '2022-11-10'}",11.9
"{'city': 'Rotterdam', 'day': '2022-11-12'}",56.73333333333333
"{'city': 'Rotterdam', 'day': '2022-11-13'}",26.614285714285717
"{'city': 'Rotterdam', 'day': '2022-11-14'}",25.700000000000003
"{'city': 'Rotterdam', 'day': '2022-11-16'}",9.700000000000001
"{'city': 'Rotterdam', 'day': '2022-11-17'}",4.816666666666666
"{'city': 'Rotterdam', 'day': '2022-11-18'}",11.95
"{'city': 'Rotterdam', 'day': '2022-11-19'}",0.7
"{'city': 'Rotterdam', 'day': '2022-11-21'}",10.2
"{'city': 'Rotterdam', 'day': '2022-11-22'}",9.899999999999999
"{'city': 'Rotterdam', 'day': '2022-11-24'}",11.350000000000001
"{'city': 'Rotterdam', 'day': '2022-11-25'}",27.2
"{'city': 'Rotterdam', 'day': '2022-11-26'}",13.633333333333333
"{'city': 'Rotterdam', 'day': '2022-11-27'}",2.45
"{'city': 'Rotterdam', 'day': '2022-11-28'}",1.4
"{'city': 'Rotterdam', 'day': '2022-11-29'}",239.75
"{'city': 'Rotterdam', 'day': '2022-11-30'}",53.8
"{'city': 'Rotterdam', 'day': '2022-12-01'}",11.4
"{'city': 'Rotterdam', 'day': '2022-12-02'}",1.5
"{'city': 'Rotterdam', 'day': '2022-12-03'}",0.8666666666666666
"{'city': 'Rotterdam', 'day': '2022-12-04'}",2.75
"{'city': 'Rotterdam', 'day': '2022-12-06'}",51.73333333333334
"{'city': 'Rotterdam', 'day': '2022-12-07'}",35.43333333333334
"{'city': 'Rotterdam', 'day': '2022-12-08'}",44.9
"{'city': 'Rotterdam', 'day': '2022-12-09'}",34.05
"{'city': 'Rotterdam', 'day': '2022-12-10'}",18.1
"{'city': 'Rotterdam', 'day': '2022-12-12'}",68.66666666666667
"{'city': 'Rotterdam', 'day': '2022-12-13'}",32.9
"{'city': 'Rotterdam', 'day': '2022-12-14'}",5.2
"{'city': 'Rotterdam', 'day': '2022-12-16'}",102.39999999999999
"{'city': 'Rotterdam', 'day': '2022-12-17'}",33.36666666666667
"{'city': 'Rotterdam', 'day': '2022-12-18'}",6.275
"{'city': 'Rotterdam', 'day': '2022-12-19'}",2.55
"{'city': 'Rotterdam', 'day': '2022-12-20'}",10.45
"{'city': 'Rotterdam', 'day': '2022-12-21'}",15.6
"{'city': 'Rotterdam', 'day': '2022-12-22'}",29.0
"{'city': 'Rotterdam', 'day': '2022-12-24'}",6.7
"{'city': 'Rotterdam', 'day': '2022-12-25'}",11.149999999999999
"{'city': 'Rotterdam', 'day': '2022-12-26'}",2.65
"{'city': 'Rotterdam', 'day': '2022-12-27'}",5.9
"{'city': 'Rotterdam', 'day': '2022-12-28'}",0.5
"{'city': 'Rotterdam', 'day': '2022-12-29'}",6.1
"{'city': 'Rotterdam', 'day': '2022-12-30'}",3.84
"{'city': 'Rotterdam', 'day': '2022-12-31'}",3.7
"{'city': 'Rotterdam', 'day': '2023-01-01'}",2.25
"{'city': 'Rotterdam', 'day': '2023-01-02'}",8.8
"{'city': 'Rotterdam', 'day': '2023-01-03'}",17.0
"{'city': 'Santiago', 'day': '2016-01-30'}",66.00118260869566
"{'city': 'Santiago', 'day': '2016-01-31'}",60.39011111111111
"{'city': 'Santiago', 'day': '2016-02-01'}",66.02159482758621
"{'city': 'Santiago', 'day': '2016-02-02'}",60.86669491525424
"{'city': 'Santiago', 'day': '2016-02-03'}",97.64296581196582
"{'city': 'Santiago', 'day': '2016-02-04'}",68.85936666666666
"{'city': 'Santiago', 'day': '2016-02-05'}",60.33047863247863
"{'city': 'Santiago', 'day': '2016-02-06'}",66.2194
"{'city': 'Santiago', 'day': '2016-02-07'}",61.01390163934426
"{'city': 'Santiago', 'day': '2016-02-08'}",30.03
"{'city': 'Santiago', 'day': '2016-08-19'}",0.0
"{'city': 'Santiago', 'day': '2016-11-14'}",0.0
"{'city': 'Santiago', 'day': '2016-11-15'}",0.0
"{'city': 'Santiago', 'day': '2016-11-18'}",0.0
"{'city': 'Santiago', 'day': '2016-11-23'}",0.0
"{'city': 'Santiago', 'day': '2016-12-16'}",0.0
"{'city': 'Santiago', 'day': '2016-12-19'}",0.0
"{'city': 'Santiago', 'day': '2017-01-04'}",0.0
"{'city': 'Santiago', 'day': '2017-01-05'}",0.0
"{'city': 'Santiago', 'day': '2017-01-09'}",0.0
"{'city': 'Santiago', 'day': '2017-06-28'}",0.0
"{'city': 'Talagante', 'day': '2016-01-30'}",92.98263909774437
"{'city': 'Talagante', 'day': '2016-01-31'}",99.02562307692308
"{'city': 'Talagante', 'day': '2016-02-01'}",84.47653968253968
"{'city': 'Talagante', 'day': '2016-02-02'}",87.58618333333334
"{'city': 'Talagante', 'day': '2016-02-03'}",109.928
"{'city': 'Talagante', 'day': '2016-02-04'}",74.81685217391305
"{'city': 'Talagante', 'day': '2016-02-05'}",104.22124799999999
"{'city': 'Talagante', 'day': '2016-02-06'}",85.01754838709677
"{'city': 'Talagante', 'day': '2016-02-07'}",129.24821818181817
"{'city': 'Talagante', 'day': '2016-02-08'}",383.4890384615385
"{'city': 'Talagante', 'day': '2016-02-09'}",177.13162499999999
"{'city': 'Talagante', 'day': '2016-02-10'}",2.303
"{'city': 'Talagante', 'day': '2016-02-11'}",2.303
"{'city': 'Talagante', 'day': '2016-02-12'}",2.303
"{'city': 'Talagante', 'day': '2016-02-13'}",3.5612
"{'city': 'Talagante', 'day': '2016-02-14'}",2.806833333333333
"{'city': 'Talagante', 'day': '2016-02-15'}",4.592764705882352
"{'city': 'Talagante', 'day': '2016-02-16'}",2.303
"{'city': 'Talagante', 'day': '2016-02-17'}",6.625090909090909
"{'city': 'Talagante', 'day': '2016-02-18'}",2.4283
"{'city': 'Talagante', 'day': '2016-02-19'}",2.4505
"{'city': 'Ursynów', 'day': '2016-01-30'}",20.338260869565218
"{'city': 'Ursynów', 'day': '2016-01-31'}",17.81391304347826
"{'city': 'Ursynów', 'day': '2016-02-01'}",19.702608695652174
"{'city': 'Ursynów', 'day': '2016-02-02'}",17.10909090909091
"{'city': 'Ursynów', 'day': '2016-02-03'}",18.433913043478263
"{'city': 'Ursynów', 'day': '2016-02-04'}",18.77913043478261
"{'city': 'Ursynów', 'day': '2016-02-05'}",21.222608695652173
"{'city': 'Ursynów', 'day': '2016-02-06'}",26.76086956521739
"{'city': 'Ursynów', 'day': '2016-02-07'}",23.371764705882352
"{'city': 'Utrecht', 'day': '2016-01-30'}",10.900960983796296
"{'city': 'Utrecht', 'day': '2016-01-31'}",13.33631861111111
"{'city': 'Utrecht', 'day': '2016-02-01'}",10.586056367071336
"{'city': 'Utrecht', 'day': '2016-02-02'}",16.650725386303325
"{'city': 'Utrecht', 'day': '2016-02-03'}",18.506113101851852
"{'city': 'Utrecht', 'day': '2016-02-04'}",16.163062810596518
"{'city': 'Utrecht', 'day': '2016-02-05'}",18.664575648148148
"{'city': 'Utrecht', 'day': '2016-02-06'}",12.220549502314816
"{'city': 'Utrecht', 'day': '2016-02-07'}",7.7491052256944455
"{'city': 'Utrecht', 'day': '2021-04-21'}",77.75999999999999
"{'city': 'Utrecht', 'day': '2021-04-22'}",70.46833333333333
"{'city': 'Utrecht', 'day': '2021-04-23'}",74.34666666666666
"{'city': 'Utrecht', 'day': '2021-04-24'}",46.0
"{'city': 'Utrecht', 'day': '2021-04-27'}",77.62
"{'city': 'Utrecht', 'day': '2021-04-28'}",72.995
"{'city': 'Utrecht', 'day': '2021-04-29'}",77.34333333333333
"{'city': 'Utrecht', 'day': '2021-04-30'}",56.13
"{'city': 'Utrecht', 'day': '2021-05-01'}",38.7175
"{'city': 'Utrecht', 'day': '2021-05-03'}",88.495
"{'city': 'Utrecht', 'day': '2021-05-04'}",70.02000000000001
"{'city': 'Utrecht', 'day': '2021-05-05'}",56.989999999999995
"{'city': 'Utrecht', 'day': '2021-05-06'}",45.506
"{'city': 'Utrecht', 'day': '2021-05-07'}",55.552
"{'city': 'Utrecht', 'day': '2021-05-08'}",44.336666666666666
"{'city': 'Utrecht', 'day': '2021-05-11'}",53.34
"{'city': 'Utrecht', 'day': '2021-05-12'}",57.46333333333333
"{'city': 'Utrecht', 'day': '2021-05-13'}",49.885
"{'city': 'Utrecht', 'day': '2021-05-14'}",64.70599999999999
"{'city': 'Utrecht', 'day': '2021-05-15'}",49.083333333333336
"{'city': 'Utrecht', 'day': '2021-05-16'}",50.2475
"{'city': 'Utrecht', 'day': '2021-05-17'}",50.30428571428571
"{'city': 'Utrecht', 'day': '2021-05-18'}",78.00333333333333
"{'city': 'Utrecht', 'day': '2021-05-19'}",59.24666666666667
"{'city': 'Utrecht', 'day': '2021-05-20'}",37.72666666666667
"{'city': 'Utrecht', 'day': '2021-05-21'}",71.5025
"{'city': 'Utrecht', 'day': '2021-05-22'}",69.42
"{'city': 'Utrecht', 'day': '2021-05-27'}",56.11
"{'city': 'Utrecht', 'day': '2021-05-28'}",11.68
"{'city': 'Utrecht', 'day': '2021-05-29'}",42.75333333333333
"{'city': 'Utrecht', 'day': '2021-05-31'}",71.285
"{'city': 'Utrecht', 'day': '2021-06-02'}",98.4925
"{'city': 'Utrecht', 'day': '2021-06-03'}",72.97749999999999
"{'city': 'Utrecht', 'day': '2021-06-04'}",114.89
"{'city': 'Utrecht', 'day': '2021-06-05'}",77.45
"{'city': 'Utrecht', 'day': '2021-06-07'}",83.51
"{'city': 'Utrecht', 'day': '2021-06-08'}",84.26666666666667
"{'city': 'Utrecht', 'day': '2021-06-10'}",66.51666666666667
"{'city': 'Utrecht', 'day': '2021-06-12'}",68.11
"{'city': 'Utrecht', 'day': '2021-06-13'}",72.41666666666667
"{'city': 'Utrecht', 'day': '2021-06-14'}",40.045
"{'city': 'Utrecht', 'day': '2021-06-15'}",51.629999999999995
"{'city': 'Utrecht', 'day': '2021-06-18'}",32.71
"{'city': 'Utrecht', 'day': '2021-06-19'}",53.47
"{'city': 'Utrecht', 'day': '2021-06-20'}",70.53666666666668
"{'city': 'Utrecht', 'day': '2021-06-21'}",60.17999999999999
"{'city': 'Utrecht', 'day': '2021-06-22'}",54.98666666666666
"{'city': 'Utrecht', 'day': '2021-06-23'}",57.3
"{'city': 'Utrecht', 'day': '2021-06-27'}",49.92
"{'city': 'Utrecht', 'day': '2021-06-28'}",51.11
"{'city': 'Utrecht', 'day': '2021-06-30'}",48.22
"{'city': 'Utrecht', 'day': '2021-07-02'}",32.67
"{'city': 'Utrecht', 'day': '2021-07-06'}",46.02
"{'city': 'Utrecht', 'day': '2021-07-08'}",57.3
"{'city': 'Utrecht', 'day': '2021-07-09'}",36.99333333333333
"{'city': 'Utrecht', 'day': '2021-07-12'}",36.425
"{'city': 'Utrecht', 'day': '2021-07-13'}",67.0875
"{'city': 'Utrecht', 'day': '2021-07-14'}",70.86714285714285
"{'city': 'Utrecht', 'day': '2021-07-16'}",51.53
"{'city': 'Utrecht', 'day': '2021-07-17'}",33.53
"{'city': 'Utrecht', 'day': '2021-07-18'}",47.63333333333333
"{'city': 'Utrecht', 'day': '2021-07-19'}",71.61
"{'city': 'Utrecht', 'day': '2021-07-20'}",65.99666666666667
"{'city': 'Utrecht', 'day': '2021-07-21'}",75.81
"{'city': 'Utrecht', 'day': '2021-07-22'}",51.0
"{'city': 'Utrecht', 'day': '2021-07-23'}",56.19
"{'city': 'Utrecht', 'day': '2022-10-24'}",3.0625
"{'city': 'Utrecht', 'day': '2022-10-25'}",9.77
"{'city': 'Utrecht', 'day': '2022-10-26'}",8.705714285714285
"{'city': 'Utrecht', 'day': '2022-10-27'}",18.515
"{'city': 'Utrecht', 'day': '2022-10-28'}",2.34
"{'city': 'Utrecht', 'day': '2022-10-29'}",11.5875
"{'city': 'Utrecht', 'day': '2022-10-30'}",4.909999999999999
"{'city': 'Utrecht', 'day': '2022-11-03'}",7.83
"{'city': 'Utrecht', 'day': '2022-11-04'}",21.705000000000002
"{'city': 'Utrecht', 'day': '2022-11-06'}",2.8666666666666667
"{'city': 'Utrecht', 'day': '2022-11-07'}",3.8333333333333335
"{'city': 'Utrecht', 'day': '2022-11-08'}",10.1
"{'city': 'Utrecht', 'day': '2022-11-09'}",3.1966666666666668
"{'city': 'Utrecht', 'day': '2022-11-10'}",8.75
"{'city': 'Utrecht', 'day': '2022-11-12'}",32.776666666666664
"{'city': 'Utrecht', 'day': '2022-11-13'}",16.335
"{'city': 'Utrecht', 'day': '2022-11-14'}",12.03
"{'city': 'Utrecht', 'day': '2022-11-16'}",4.173333333333333
"{'city': 'Utrecht', 'day': '2022-11-17'}",4.383333333333333
"{'city': 'Utrecht', 'day': '2022-11-18'}",9.012500000000001
"{'city': 'Utrecht', 'day': '2022-11-19'}",0.21
"{'city': 'Utrecht', 'day': '2022-11-20'}",6.486666666666667
"{'city': 'Utrecht', 'day': '2022-11-21'}",5.329999999999999
"{'city': 'Utrecht', 'day': '2022-11-22'}",9.4
"{'city': 'Utrecht', 'day': '2022-11-24'}",8.925
"{'city': 'Utrecht', 'day': '2022-11-25'}",2.695
"{'city': 'Utrecht', 'day': '2022-11-26'}",8.736666666666666
"{'city': 'Utrecht', 'day': '2022-11-27'}",3.3299999999999996
"{'city': 'Utrecht', 'day': '2022-11-28'}",0.6
"{'city': 'Utrecht', 'day': '2022-11-29'}",32.315
"{'city': 'Utrecht', 'day': '2022-11-30'}",13.120000000000001
"{'city': 'Utrecht', 'day': '2022-12-01'}",2.5125
"{'city': 'Utrecht', 'day': '2022-12-02'}",0.7050000000000001
"{'city': 'Utrecht', 'day': '2022-12-03'}",0.6
"{'city': 'Utrecht', 'day': '2022-12-04'}",1.9075
"{'city': 'Utrecht', 'day': '2022-12-06'}",43.50333333333333
"{'city': 'Utrecht', 'day': '2022-12-07'}",10.88
"{'city': 'Utrecht', 'day': '2022-12-08'}",15.47
"{'city': 'Utrecht', 'day': '2022-12-09'}",19.2075
"{'city': 'Utrecht', 'day': '2022-12-10'}",14.97
"{'city': 'Utrecht', 'day': '2022-12-12'}",48.443333333333335
"{'city': 'Utrecht', 'day': '2022-12-13'}",34.52428571428572
"{'city': 'Utrecht', 'day': '2022-12-14'}",15.945
"{'city': 'Utrecht', 'day': '2022-12-16'}",50.05666666666667
"{'city': 'Utrecht', 'day': '2022-12-17'}",7.315
"{'city': 'Utrecht', 'day': '2022-12-18'}",5.8
"{'city': 'Utrecht', 'day': '2022-12-19'}",1.735
"{'city': 'Utrecht', 'day': '2022-12-20'}",3.6475
"{'city': 'Utrecht', 'day': '2022-12-21'}",7.44
"{'city': 'Utrecht', 'day': '2022-12-22'}",16.240000000000002
"{'city': 'Utrecht', 'day': '2022-12-24'}",4.63
"{'city': 'Utrecht', 'day': '2022-12-25'}",3.785
"{'city': 'Utrecht', 'day': '2022-12-26'}",2.62
"{'city': 'Utrecht', 'day': '2022-12-27'}",3.015
"{'city': 'Utrecht', 'day': '2022-12-28'}",0.35
"{'city': 'Utrecht', 'day': '2022-12-29'}",3.465
"{'city': 'Utrecht', 'day': '2022-12-30'}",1.81
"{'city': 'Utrecht', 'day': '2022-12-31'}",2.83
"{'city': 'Utrecht', 'day': '2023-01-01'}",1.0075
"{'city': 'Utrecht', 'day': '2023-01-02'}",3.0949999999999998
"{'city': 'Utrecht', 'day': '2023-01-03'}",1.75
"{'city': 'Valparaíso', 'day': '2016-01-30'}",8.30475
"{'city': 'Valparaíso', 'day': '2016-01-31'}",11.585500000000001
"{'city': 'Valparaíso', 'day': '2016-02-01'}",12.525826086956522
"{'city': 'Valparaíso', 'day': '2016-02-02'}",10.132652173913042
"{'city': 'Valparaíso', 'day': '2016-02-03'}",7.311125
"{'city': 'Valparaíso', 'day': '2016-02-04'}",10.814666666666668
"{'city': 'Valparaíso', 'day': '2016-02-05'}",9.305954545454545
"{'city': 'Valparaíso', 'day': '2016-02-06'}",11.034708333333334
"{'city': 'Valparaíso', 'day': '2016-02-07'}",7.992333333333334
"{'city': 'Valparaíso', 'day': '2017-06-28'}",0.0
"{'city': 'Ventanas', 'day': '2016-02-12'}",25.168584615384617
"{'city': 'Ventanas', 'day': '2016-02-13'}",25.225305454545452
"{'city': 'Ventanas', 'day': '2016-02-14'}",31.939266666666665
"{'city': 'Ventanas', 'day': '2016-02-15'}",25.979458333333334
"{'city': 'Ventanas', 'day': '2016-02-16'}",20.34536
"{'city': 'Ventanas', 'day': '2016-02-17'}",21.058544416666667
"{'city': 'Ventanas', 'day': '2016-02-18'}",21.612916666666667
"{'city': 'Ventanas', 'day': '2016-02-19'}",30.0495475
"{'city': 'Ventanas', 'day': '2016-02-20'}",31.62313333333333
"{'city': 'Ventanas', 'day': '2016-02-21'}",34.2248
"{'city': 'Ventanas', 'day': '2017-06-28'}",0.0
"{'city': 'Wekerom', 'day': '2016-01-30'}",20.484732495659724
"{'city': 'Wekerom', 'day': '2016-01-31'}",19.823322192982456
"{'city': 'Wekerom', 'day': '2016-02-01'}",20.667016992789428
"{'city': 'Wekerom', 'day': '2016-02-02'}",24.574277429824562
"{'city': 'Wekerom', 'day': '2016-02-03'}",22.208510395538266
"{'city': 'Wekerom', 'day': '2016-02-04'}",17.38676407005929
"{'city': 'Wekerom', 'day': '2016-02-05'}",19.408733808688105
"{'city': 'Wekerom', 'day': '2016-02-06'}",19.367206162280702
"{'city': 'Wekerom', 'day': '2016-02-07'}",20.664268815104165
"{'city': 'Wekerom', 'day': '2022-10-24'}",0.385
"{'city': 'Wekerom', 'day': '2022-10-25'}",0.75
"{'city': 'Wekerom', 'day': '2022-10-26'}",1.5657142857142858
"{'city': 'Wekerom', 'day': '2022-10-27'}",1.755
"{'city': 'Wekerom', 'day': '2022-10-28'}",0.335
"{'city': 'Wekerom', 'day': '2022-10-29'}",3.205
"{'city': 'Wekerom', 'day': '2022-10-30'}",0.8300000000000001
"{'city': 'Wekerom', 'day': '2022-10-31'}",1.43
"{'city': 'Wekerom', 'day': '2022-11-01'}",0.27666666666666667
"{'city': 'Wekerom', 'day': '2022-11-02'}",0.5800000000000001
"{'city': 'Wekerom', 'day': '2022-11-03'}",0.516
"{'city': 'Wekerom', 'day': '2022-11-04'}",3.2424999999999997
"{'city': 'Wekerom', 'day': '2022-11-06'}",0.08
"{'city': 'Wekerom', 'day': '2022-11-07'}",0.4666666666666666
"{'city': 'Wekerom', 'day': '2022-11-08'}",0.11
"{'city': 'Wekerom', 'day': '2022-11-09'}",0.5733333333333334
"{'city': 'Wekerom', 'day': '2022-11-10'}",0.58
"{'city': 'Wekerom', 'day': '2022-11-12'}",14.58
"{'city': 'Wekerom', 'day': '2022-11-13'}",7.338571428571428
"{'city': 'Wekerom', 'day': '2022-11-14'}",10.030000000000001
"{'city': 'Wekerom', 'day': '2022-11-16'}",0.6533333333333333
"{'city': 'Wekerom', 'day': '2022-11-17'}",0.45199999999999996
"{'city': 'Wekerom', 'day': '2022-11-18'}",2.31
"{'city': 'Wekerom', 'day': '2022-11-19'}",0.21
"{'city': 'Wekerom', 'day': '2022-11-20'}",1.06
"{'city': 'Wekerom', 'day': '2022-11-21'}",1.68
"{'city': 'Wekerom', 'day': '2022-11-22'}",1.7600000000000002
"{'city': 'Wekerom', 'day': '2022-11-24'}",0.58
"{'city': 'Wekerom', 'day': '2022-11-25'}",0.645
"{'city': 'Wekerom', 'day': '2022-11-26'}",2.5883333333333334
"{'city': 'Wekerom', 'day': '2022-11-27'}",0.43500000000000005
"{'city': 'Wekerom', 'day': '2022-11-28'}",0.14
"{'city': 'Wekerom', 'day': '2022-11-29'}",3.25
"{'city': 'Wekerom', 'day': '2022-11-30'}",9.102
"{'city': 'Wekerom', 'day': '2022-12-01'}",1.8900000000000001
"{'city': 'Wekerom', 'day': '2022-12-02'}",0.99
"{'city': 'Wekerom', 'day': '2022-12-03'}",0.91
"{'city': 'Wekerom', 'day': '2022-12-04'}",1.555
"{'city': 'Wekerom', 'day': '2022-12-06'}",5.4366666666666665
"{'city': 'Wekerom', 'day': '2022-12-07'}",1.1833333333333333
"{'city': 'Wekerom', 'day': '2022-12-08'}",4.1
"{'city': 'Wekerom', 'day': '2022-12-09'}",2.0300000000000002
"{'city': 'Wekerom', 'day': '2022-12-10'}",1.16
"{'city': 'Wekerom', 'day': '2022-12-12'}",19.796666666666667
"{'city': 'Wekerom', 'day': '2022-12-13'}",19.75714285714286
"{'city': 'Wekerom', 'day': '2022-12-14'}",19.665
"{'city': 'Wekerom', 'day': '2022-12-16'}",7.94
"{'city': 'Wekerom', 'day': '2022-12-17'}",1.4983333333333333
"{'city': 'Wekerom', 'day': '2022-12-18'}",1.8525
"{'city': 'Wekerom', 'day': '2022-12-19'}",0.1
"{'city': 'Wekerom', 'day': '2022-12-20'}",0.15666666666666665
"{'city': 'Wekerom', 'day': '2022-12-21'}",0.79
"{'city': 'Wekerom', 'day': '2022-12-22'}",5.695
"{'city': 'Wekerom', 'day': '2022-12-25'}",0.445
"{'city': 'Wekerom', 'day': '2022-12-28'}",0.79
"{'city': 'Wekerom', 'day': '2022-12-30'}",0.73
"{'city': 'Wekerom', 'day': '2023-01-01'}",0.27999999999999997
"{'city': 'Wekerom', 'day': '2023-01-03'}",0.91
"{'city': 'Wieringerwerf', 'day': '2016-01-30'}",22.220503647820358
"{'city': 'Wieringerwerf', 'day': '2016-01-31'}",20.64686943236715
"{'city': 'Wieringerwerf', 'day': '2016-02-01'}",21.60928388059404
"{'city': 'Wieringerwerf', 'day': '2016-02-02'}",26.699048090007626
"{'city': 'Wieringerwerf', 'day': '2016-02-03'}",23.05268397022192
"{'city': 'Wieringerwerf', 'day': '2016-02-04'}",19.257057123860235
"{'city': 'Wieringerwerf', 'day': '2016-02-05'}",19.33742915356152
"{'city': 'Wieringerwerf', 'day': '2016-02-06'}",19.183162548627003
"{'city': 'Wieringerwerf', 'day': '2016-02-07'}",21.781398430706524
"{'city': 'Zaandam', 'day': '2016-01-30'}",13.200185097668555
"{'city': 'Zaandam', 'day': '2016-01-31'}",15.676437711995067
"{'city': 'Zaandam', 'day': '2016-02-01'}",18.03713072756551
"{'city': 'Zaandam', 'day': '2016-02-02'}",19.705373111316682
"{'city': 'Zaandam', 'day': '2016-02-03'}",18.71812750539624
"{'city': 'Zaandam', 'day': '2016-02-04'}",21.897244064138143
"{'city': 'Zaandam', 'day': '2016-02-05'}",29.405238205365404
"{'city': 'Zaandam', 'day': '2016-02-06'}",20.045852605612083
"{'city': 'Zaandam', 'day': '2016-02-07'}",15.023697916666663
"{'city': 'Zaandam', 'day': '2022-10-24'}",4.2
"{'city': 'Zaandam', 'day': '2022-10-25'}",12.3
"{'city': 'Zaandam', 'day': '2022-10-26'}",10.442857142857145
"{'city': 'Zaandam', 'day': '2022-10-27'}",10.75
"{'city': 'Zaandam', 'day': '2022-10-28'}",4.5
"{'city': 'Zaandam', 'day': '2022-10-29'}",11.775
"{'city': 'Zaandam', 'day': '2022-10-30'}",9.06
"{'city': 'Zaandam', 'day': '2022-10-31'}",1.0
"{'city': 'Zaandam', 'day': '2022-11-01'}",2.7249999999999996
"{'city': 'Zaandam', 'day': '2022-11-02'}",4.199999999999999
"{'city': 'Zaandam', 'day': '2022-11-03'}",5.383333333333333
"{'city': 'Zaandam', 'day': '2022-11-04'}",34.6
"{'city': 'Zaandam', 'day': '2022-11-06'}",4.433333333333334
"{'city': 'Zaandam', 'day': '2022-11-07'}",3.3333333333333335
"{'city': 'Zaandam', 'day': '2022-11-08'}",7.8
"{'city': 'Zaandam', 'day': '2022-11-09'}",4.2
"{'city': 'Zaandam', 'day': '2022-11-10'}",4.2
"{'city': 'Zaandam', 'day': '2022-11-12'}",26.8
"{'city': 'Zaandam', 'day': '2022-11-16'}",15.6
"{'city': 'Zaandam', 'day': '2022-11-17'}",3.5
"{'city': 'Zaandam', 'day': '2022-11-18'}",7.55
"{'city': 'Zaandam', 'day': '2022-11-19'}",0.2
"{'city': 'Zaandam', 'day': '2022-11-21'}",18.1
"{'city': 'Zaandam', 'day': '2022-11-22'}",8.2
"{'city': 'Zaandam', 'day': '2022-11-24'}",13.55
"{'city': 'Zaandam', 'day': '2022-11-25'}",24.5
"{'city': 'Zaandam', 'day': '2022-11-26'}",14.016666666666666
"{'city': 'Zaandam', 'day': '2022-11-27'}",2.9000000000000004
"{'city': 'Zaandam', 'day': '2022-11-28'}",15.1
"{'city': 'Zaandam', 'day': '2022-11-29'}",24.3
"{'city': 'Zaandam', 'day': '2022-11-30'}",17.759999999999998
"{'city': 'Zaandam', 'day': '2022-12-01'}",3.0999999999999996
"{'city': 'Zaandam', 'day': '2022-12-02'}",0.45
"{'city': 'Zaandam', 'day': '2022-12-03'}",0.31666666666666665
"{'city': 'Zaandam', 'day': '2022-12-04'}",1.35
"{'city': 'Zaandam', 'day': '2022-12-06'}",16.666666666666668
"{'city': 'Zaandam', 'day': '2022-12-07'}",9.866666666666667
"{'city': 'Zaandam', 'day': '2022-12-08'}",10.2
"{'city': 'Zaandam', 'day': '2022-12-09'}",26.766666666666666
"{'city': 'Zaandam', 'day': '2022-12-10'}",12.8
"{'city': 'Zaandam', 'day': '2022-12-12'}",32.233333333333334
"{'city': 'Zaandam', 'day': '2022-12-13'}",27.871428571428574
"{'city': 'Zaandam', 'day': '2022-12-14'}",25.75
"{'city': 'Zaandam', 'day': '2022-12-16'}",53.5
"{'city': 'Zaandam', 'day': '2022-12-17'}",13.6
"{'city': 'Zaandam', 'day': '2022-12-18'}",11.450000000000001
"{'city': 'Zaandam', 'day': '2022-12-19'}",3.7
"{'city': 'Zaandam', 'day': '2022-12-20'}",15.5
"{'city': 'Zaandam', 'day': '2022-12-21'}",17.3
"{'city': 'Zaandam', 'day': '2022-12-22'}",28.95
"{'city': 'Zaandam', 'day': '2022-12-24'}",7.05
"{'city': 'Zaandam', 'day': '2022-12-25'}",1.1
"{'city': 'Zaandam', 'day': '2022-12-26'}",2.816666666666667
"{'city': 'Zaandam', 'day': '2022-12-27'}",6.449999999999999
"{'city': 'Zaandam', 'day': '2022-12-28'}",0.9
"{'city': 'Zaandam', 'day': '2022-12-30'}",1.4333333333333336
"{'city': 'Zaandam', 'day': '2022-12-31'}",1.3
"{'city': 'Zaandam', 'day': '2023-01-01'}",0.675
"{'city': 'Zaandam', 'day': '2023-01-02'}",7.300000000000001
"{'city': 'Zaandam', 'day': '2023-01-03'}",8.4
"{'city': 'Zegveld', 'day': '2016-01-30'}",77.46515789473683
"{'city': 'Zegveld', 'day': '2016-01-31'}",74.14180555555555
"{'city': 'Zegveld', 'day': '2016-02-01'}",67.87376321353067
"{'city': 'Zegveld', 'day': '2016-02-02'}",91.60157476139979
"{'city': 'Zegveld', 'day': '2016-02-03'}",64.78690972222222
"{'city': 'Zegveld', 'day': '2016-02-04'}",69.7663964212397
"{'city': 'Zegveld', 'day': '2016-02-05'}",79.84926315789474
"{'city': 'Zegveld', 'day': '2016-02-06'}",75.10964157706093
"{'city': 'Zegveld', 'day': '2016-02-07'}",85.60305555555556
